{
    "release": {
        "id": "acs2021_1yr",
        "years": "2021",
        "name": "ACS 2021 1-year"
    },
    "tables": {
        "B99245": {
            "title": "Allocation of Occupation for the Full-time, Year-round Civilian Employed Population 16 Years and Over",
            "universe": "Full-time, Year-round Civilian Employed Population 16 Years and Over",
            "denominator_column_id": "B99245001",
            "columns": {
                "B99245001": {
                    "name": "Total:",
                    "indent": 0
                },
                "B99245002": {
                    "name": "Allocated",
                    "indent": 1
                },
                "B99245003": {
                    "name": "Not allocated",
                    "indent": 1
                }
            }
        }
    }
}